"","CondRules","ResRules","Support","Confidence","Lift"
"1","EVENT_CLOSE","EVENT_READ",98.84,99.25,1.004
"2","EVENT_READ","EVENT_CLOSE",98.84,99.95,1.004
"3","EVENT_OPEN","EVENT_READ",93.29,99.48,1.006
"4","EVENT_READ","EVENT_OPEN",93.29,94.33,1.006
"5","EVENT_LSEEK","EVENT_READ",93.22,99.97,1.011
"6","EVENT_READ","EVENT_LSEEK",93.22,94.27,1.011
"7","EVENT_EXIT","EVENT_READ",98.57,99.26,1.004
"8","EVENT_READ","EVENT_EXIT",98.57,99.68,1.004
"9","EVENT_FORK","EVENT_READ",98.52,98.96,1.001
"10","EVENT_READ","EVENT_FORK",98.52,99.62,1.001
"11","EVENT_OPEN","EVENT_CLOSE",93.77,100,1.004
"12","EVENT_CLOSE","EVENT_OPEN",93.77,94.15,1.004
"13","EVENT_LSEEK","EVENT_CLOSE",93.25,100,1.004
"14","EVENT_CLOSE","EVENT_LSEEK",93.25,93.64,1.004
"15","EVENT_EXIT","EVENT_CLOSE",99.22,99.91,1.003
"16","EVENT_CLOSE","EVENT_EXIT",99.22,99.63,1.003
"17","EVENT_FORK","EVENT_CLOSE",99.18,99.62,1
"18","EVENT_CLOSE","EVENT_FORK",99.18,99.59,1
"19","EVENT_LSEEK","EVENT_OPEN",93.24,99.99,1.066
"20","EVENT_OPEN","EVENT_LSEEK",93.24,99.44,1.066
"21","EVENT_EXIT","EVENT_OPEN",93.46,94.11,1.004
"22","EVENT_OPEN","EVENT_EXIT",93.46,99.67,1.004
"23","EVENT_FORK","EVENT_OPEN",93.4,93.83,1.001
"24","EVENT_OPEN","EVENT_FORK",93.4,99.61,1.001
"25","EVENT_EXIT","EVENT_LSEEK",92.99,93.64,1.004
"26","EVENT_LSEEK","EVENT_EXIT",92.99,99.72,1.004
"27","EVENT_FORK","EVENT_LSEEK",92.93,93.35,1.001
"28","EVENT_LSEEK","EVENT_FORK",92.93,99.66,1.001
"29","EVENT_FORK","EVENT_EXIT",98.96,99.4,1.001
"30","EVENT_EXIT","EVENT_FORK",98.96,99.65,1.001
"31","EVENT_CLOSE,EVENT_OPEN","EVENT_READ",93.28,99.48,1.006
"32","EVENT_READ,EVENT_OPEN","EVENT_CLOSE",93.28,100,1.004
"33","EVENT_READ,EVENT_CLOSE","EVENT_OPEN",93.28,94.38,1.006
"34","EVENT_OPEN","EVENT_READ,EVENT_CLOSE",93.28,99.48,1.006
"35","EVENT_CLOSE","EVENT_READ,EVENT_OPEN",93.28,93.67,1.004
"36","EVENT_READ","EVENT_CLOSE,EVENT_OPEN",93.28,94.33,1.006
"37","EVENT_CLOSE,EVENT_LSEEK","EVENT_READ",93.22,99.97,1.011
"38","EVENT_READ,EVENT_LSEEK","EVENT_CLOSE",93.22,100,1.004
"39","EVENT_READ,EVENT_CLOSE","EVENT_LSEEK",93.22,94.32,1.011
"40","EVENT_LSEEK","EVENT_READ,EVENT_CLOSE",93.22,99.97,1.011
"41","EVENT_CLOSE","EVENT_READ,EVENT_LSEEK",93.22,93.61,1.004
"42","EVENT_READ","EVENT_CLOSE,EVENT_LSEEK",93.22,94.27,1.011
"43","EVENT_CLOSE,EVENT_EXIT","EVENT_READ",98.55,99.33,1.004
"44","EVENT_READ,EVENT_EXIT","EVENT_CLOSE",98.55,99.98,1.004
"45","EVENT_READ,EVENT_CLOSE","EVENT_EXIT",98.55,99.71,1.004
"46","EVENT_EXIT","EVENT_READ,EVENT_CLOSE",98.55,99.24,1.004
"47","EVENT_CLOSE","EVENT_READ,EVENT_EXIT",98.55,98.96,1.004
"48","EVENT_READ","EVENT_CLOSE,EVENT_EXIT",98.55,99.66,1.004
"49","EVENT_CLOSE,EVENT_FORK","EVENT_READ",98.48,99.29,1.004
"50","EVENT_READ,EVENT_FORK","EVENT_CLOSE",98.48,99.96,1.004
"51","EVENT_READ,EVENT_CLOSE","EVENT_FORK",98.48,99.63,1.001
"52","EVENT_FORK","EVENT_READ,EVENT_CLOSE",98.48,98.92,1.001
"53","EVENT_CLOSE","EVENT_READ,EVENT_FORK",98.48,98.89,1.004
"54","EVENT_READ","EVENT_CLOSE,EVENT_FORK",98.48,99.58,1.004
"55","EVENT_OPEN,EVENT_LSEEK","EVENT_READ",93.21,99.97,1.011
"56","EVENT_READ,EVENT_LSEEK","EVENT_OPEN",93.21,99.99,1.066
"57","EVENT_READ,EVENT_OPEN","EVENT_LSEEK",93.21,99.92,1.071
"58","EVENT_LSEEK","EVENT_READ,EVENT_OPEN",93.21,99.96,1.071
"59","EVENT_OPEN","EVENT_READ,EVENT_LSEEK",93.21,99.41,1.066
"60","EVENT_READ","EVENT_OPEN,EVENT_LSEEK",93.21,94.26,1.011
"61","EVENT_OPEN,EVENT_EXIT","EVENT_READ",93.03,99.54,1.007
"62","EVENT_READ,EVENT_EXIT","EVENT_OPEN",93.03,94.38,1.007
"63","EVENT_READ,EVENT_OPEN","EVENT_EXIT",93.03,99.73,1.004
"64","EVENT_EXIT","EVENT_READ,EVENT_OPEN",93.03,93.68,1.004
"65","EVENT_OPEN","EVENT_READ,EVENT_EXIT",93.03,99.22,1.007
"66","EVENT_READ","EVENT_OPEN,EVENT_EXIT",93.03,94.08,1.007
"67","EVENT_OPEN,EVENT_FORK","EVENT_READ",92.94,99.51,1.006
"68","EVENT_READ,EVENT_FORK","EVENT_OPEN",92.94,94.34,1.006
"69","EVENT_READ,EVENT_OPEN","EVENT_FORK",92.94,99.63,1.001
"70","EVENT_FORK","EVENT_READ,EVENT_OPEN",92.94,93.36,1.001
"71","EVENT_OPEN","EVENT_READ,EVENT_FORK",92.94,99.12,1.006
"72","EVENT_READ","EVENT_OPEN,EVENT_FORK",92.94,93.99,1.006
"73","EVENT_LSEEK,EVENT_EXIT","EVENT_READ",92.99,100,1.011
"74","EVENT_READ,EVENT_EXIT","EVENT_LSEEK",92.99,94.34,1.012
"75","EVENT_READ,EVENT_LSEEK","EVENT_EXIT",92.99,99.75,1.004
"76","EVENT_EXIT","EVENT_READ,EVENT_LSEEK",92.99,93.64,1.004
"77","EVENT_LSEEK","EVENT_READ,EVENT_EXIT",92.99,99.72,1.012
"78","EVENT_READ","EVENT_LSEEK,EVENT_EXIT",92.99,94.04,1.011
"79","EVENT_LSEEK,EVENT_FORK","EVENT_READ",92.91,99.97,1.011
"80","EVENT_READ,EVENT_FORK","EVENT_LSEEK",92.91,94.3,1.011
"81","EVENT_READ,EVENT_LSEEK","EVENT_FORK",92.91,99.66,1.001
"82","EVENT_FORK","EVENT_READ,EVENT_LSEEK",92.91,93.32,1.001
"83","EVENT_LSEEK","EVENT_READ,EVENT_FORK",92.91,99.63,1.011
"84","EVENT_READ","EVENT_LSEEK,EVENT_FORK",92.91,93.95,1.011
"85","EVENT_EXIT,EVENT_FORK","EVENT_READ",98.28,99.31,1.004
"86","EVENT_READ,EVENT_FORK","EVENT_EXIT",98.28,99.75,1.005
"87","EVENT_READ,EVENT_EXIT","EVENT_FORK",98.28,99.7,1.002
"88","EVENT_FORK","EVENT_READ,EVENT_EXIT",98.28,98.72,1.002
"89","EVENT_EXIT","EVENT_READ,EVENT_FORK",98.28,98.96,1.005
"90","EVENT_READ","EVENT_EXIT,EVENT_FORK",98.28,99.38,1.004
"91","EVENT_OPEN,EVENT_LSEEK","EVENT_CLOSE",93.24,100,1.004
"92","EVENT_CLOSE,EVENT_LSEEK","EVENT_OPEN",93.24,99.99,1.066
"93","EVENT_CLOSE,EVENT_OPEN","EVENT_LSEEK",93.24,99.44,1.066
"94","EVENT_LSEEK","EVENT_CLOSE,EVENT_OPEN",93.24,99.98,1.066
"95","EVENT_OPEN","EVENT_CLOSE,EVENT_LSEEK",93.24,99.43,1.066
"96","EVENT_CLOSE","EVENT_OPEN,EVENT_LSEEK",93.24,93.62,1.004
"97","EVENT_OPEN,EVENT_EXIT","EVENT_CLOSE",93.46,100,1.004
"98","EVENT_CLOSE,EVENT_EXIT","EVENT_OPEN",93.46,94.19,1.005
"99","EVENT_CLOSE,EVENT_OPEN","EVENT_EXIT",93.46,99.67,1.004
"100","EVENT_EXIT","EVENT_CLOSE,EVENT_OPEN",93.46,94.11,1.004
"101","EVENT_OPEN","EVENT_CLOSE,EVENT_EXIT",93.46,99.67,1.005
"102","EVENT_CLOSE","EVENT_OPEN,EVENT_EXIT",93.46,93.84,1.004
"103","EVENT_OPEN,EVENT_FORK","EVENT_CLOSE",93.4,100,1.004
"104","EVENT_CLOSE,EVENT_FORK","EVENT_OPEN",93.4,94.18,1.004
"105","EVENT_CLOSE,EVENT_OPEN","EVENT_FORK",93.4,99.61,1.001
"106","EVENT_FORK","EVENT_CLOSE,EVENT_OPEN",93.4,93.82,1.001
"107","EVENT_OPEN","EVENT_CLOSE,EVENT_FORK",93.4,99.61,1.004
"108","EVENT_CLOSE","EVENT_OPEN,EVENT_FORK",93.4,93.79,1.004
"109","EVENT_LSEEK,EVENT_EXIT","EVENT_CLOSE",92.99,100,1.004
"110","EVENT_CLOSE,EVENT_EXIT","EVENT_LSEEK",92.99,93.72,1.005
"111","EVENT_CLOSE,EVENT_LSEEK","EVENT_EXIT",92.99,99.72,1.004
"112","EVENT_EXIT","EVENT_CLOSE,EVENT_LSEEK",92.99,93.64,1.004
"113","EVENT_LSEEK","EVENT_CLOSE,EVENT_EXIT",92.99,99.72,1.005
"114","EVENT_CLOSE","EVENT_LSEEK,EVENT_EXIT",92.99,93.37,1.004
"115","EVENT_LSEEK,EVENT_FORK","EVENT_CLOSE",92.93,100,1.004
"116","EVENT_CLOSE,EVENT_FORK","EVENT_LSEEK",92.93,93.7,1.005
"117","EVENT_CLOSE,EVENT_LSEEK","EVENT_FORK",92.93,99.66,1.001
"118","EVENT_FORK","EVENT_CLOSE,EVENT_LSEEK",92.93,93.35,1.001
"119","EVENT_LSEEK","EVENT_CLOSE,EVENT_FORK",92.93,99.65,1.005
"120","EVENT_CLOSE","EVENT_LSEEK,EVENT_FORK",92.93,93.32,1.004
"121","EVENT_EXIT,EVENT_FORK","EVENT_CLOSE",98.89,99.93,1.003
"122","EVENT_CLOSE,EVENT_FORK","EVENT_EXIT",98.89,99.71,1.004
"123","EVENT_CLOSE,EVENT_EXIT","EVENT_FORK",98.89,99.67,1.001
"124","EVENT_FORK","EVENT_CLOSE,EVENT_EXIT",98.89,99.34,1.001
"125","EVENT_EXIT","EVENT_CLOSE,EVENT_FORK",98.89,99.58,1.004
"126","EVENT_CLOSE","EVENT_EXIT,EVENT_FORK",98.89,99.3,1.003
"127","EVENT_LSEEK,EVENT_EXIT","EVENT_OPEN",92.99,100,1.066
"128","EVENT_OPEN,EVENT_EXIT","EVENT_LSEEK",92.99,99.5,1.067
"129","EVENT_OPEN,EVENT_LSEEK","EVENT_EXIT",92.99,99.73,1.004
"130","EVENT_EXIT","EVENT_OPEN,EVENT_LSEEK",92.99,93.64,1.004
"131","EVENT_LSEEK","EVENT_OPEN,EVENT_EXIT",92.99,99.72,1.067
"132","EVENT_OPEN","EVENT_LSEEK,EVENT_EXIT",92.99,99.17,1.066
"133","EVENT_LSEEK,EVENT_FORK","EVENT_OPEN",92.93,100,1.066
"134","EVENT_OPEN,EVENT_FORK","EVENT_LSEEK",92.93,99.5,1.067
"135","EVENT_OPEN,EVENT_LSEEK","EVENT_FORK",92.93,99.67,1.001
"136","EVENT_FORK","EVENT_OPEN,EVENT_LSEEK",92.93,93.35,1.001
"137","EVENT_LSEEK","EVENT_OPEN,EVENT_FORK",92.93,99.66,1.067
"138","EVENT_OPEN","EVENT_LSEEK,EVENT_FORK",92.93,99.11,1.066
"139","EVENT_EXIT,EVENT_FORK","EVENT_OPEN",93.16,94.14,1.004
"140","EVENT_OPEN,EVENT_FORK","EVENT_EXIT",93.16,99.74,1.004
"141","EVENT_OPEN,EVENT_EXIT","EVENT_FORK",93.16,99.68,1.001
"142","EVENT_FORK","EVENT_OPEN,EVENT_EXIT",93.16,93.58,1.001
"143","EVENT_EXIT","EVENT_OPEN,EVENT_FORK",93.16,93.81,1.004
"144","EVENT_OPEN","EVENT_EXIT,EVENT_FORK",93.16,99.35,1.004
"145","EVENT_EXIT,EVENT_FORK","EVENT_LSEEK",92.72,93.7,1.005
"146","EVENT_LSEEK,EVENT_FORK","EVENT_EXIT",92.72,99.77,1.005
"147","EVENT_LSEEK,EVENT_EXIT","EVENT_FORK",92.72,99.71,1.002
"148","EVENT_FORK","EVENT_LSEEK,EVENT_EXIT",92.72,93.14,1.002
"149","EVENT_EXIT","EVENT_LSEEK,EVENT_FORK",92.72,93.37,1.005
"150","EVENT_LSEEK","EVENT_EXIT,EVENT_FORK",92.72,99.43,1.005
"151","EVENT_CLOSE,EVENT_OPEN,EVENT_LSEEK","EVENT_READ",93.21,99.97,1.011
"152","EVENT_READ,EVENT_OPEN,EVENT_LSEEK","EVENT_CLOSE",93.21,100,1.004
"153","EVENT_READ,EVENT_CLOSE,EVENT_LSEEK","EVENT_OPEN",93.21,99.99,1.066
"154","EVENT_READ,EVENT_CLOSE,EVENT_OPEN","EVENT_LSEEK",93.21,99.92,1.071
"155","EVENT_OPEN,EVENT_LSEEK","EVENT_READ,EVENT_CLOSE",93.21,99.97,1.011
"156","EVENT_CLOSE,EVENT_LSEEK","EVENT_READ,EVENT_OPEN",93.21,99.96,1.071
"157","EVENT_CLOSE,EVENT_OPEN","EVENT_READ,EVENT_LSEEK",93.21,99.4,1.066
"158","EVENT_READ,EVENT_LSEEK","EVENT_CLOSE,EVENT_OPEN",93.21,99.98,1.066
"159","EVENT_READ,EVENT_OPEN","EVENT_CLOSE,EVENT_LSEEK",93.21,99.92,1.071
"160","EVENT_READ,EVENT_CLOSE","EVENT_OPEN,EVENT_LSEEK",93.21,94.3,1.011
"161","EVENT_LSEEK","EVENT_READ,EVENT_CLOSE,EVENT_OPEN",93.21,99.95,1.071
"162","EVENT_OPEN","EVENT_READ,EVENT_CLOSE,EVENT_LSEEK",93.21,99.4,1.066
"163","EVENT_CLOSE","EVENT_READ,EVENT_OPEN,EVENT_LSEEK",93.21,93.59,1.004
"164","EVENT_READ","EVENT_CLOSE,EVENT_OPEN,EVENT_LSEEK",93.21,94.25,1.011
"165","EVENT_CLOSE,EVENT_OPEN,EVENT_EXIT","EVENT_READ",93.03,99.54,1.007
"166","EVENT_READ,EVENT_OPEN,EVENT_EXIT","EVENT_CLOSE",93.03,100,1.004
"167","EVENT_READ,EVENT_CLOSE,EVENT_EXIT","EVENT_OPEN",93.03,94.4,1.007
"168","EVENT_READ,EVENT_CLOSE,EVENT_OPEN","EVENT_EXIT",93.03,99.73,1.004
"169","EVENT_OPEN,EVENT_EXIT","EVENT_READ,EVENT_CLOSE",93.03,99.54,1.007
"170","EVENT_CLOSE,EVENT_EXIT","EVENT_READ,EVENT_OPEN",93.03,93.77,1.005
"171","EVENT_CLOSE,EVENT_OPEN","EVENT_READ,EVENT_EXIT",93.03,99.22,1.007
"172","EVENT_READ,EVENT_EXIT","EVENT_CLOSE,EVENT_OPEN",93.03,94.38,1.007
"173","EVENT_READ,EVENT_OPEN","EVENT_CLOSE,EVENT_EXIT",93.03,99.73,1.005
"174","EVENT_READ,EVENT_CLOSE","EVENT_OPEN,EVENT_EXIT",93.03,94.12,1.007
"175","EVENT_EXIT","EVENT_READ,EVENT_CLOSE,EVENT_OPEN",93.03,93.68,1.004
"176","EVENT_OPEN","EVENT_READ,EVENT_CLOSE,EVENT_EXIT",93.03,99.21,1.007
"177","EVENT_CLOSE","EVENT_READ,EVENT_OPEN,EVENT_EXIT",93.03,93.42,1.004
"178","EVENT_READ","EVENT_CLOSE,EVENT_OPEN,EVENT_EXIT",93.03,94.07,1.007
"179","EVENT_CLOSE,EVENT_OPEN,EVENT_FORK","EVENT_READ",92.94,99.51,1.006
"180","EVENT_READ,EVENT_OPEN,EVENT_FORK","EVENT_CLOSE",92.94,100,1.004
"181","EVENT_READ,EVENT_CLOSE,EVENT_FORK","EVENT_OPEN",92.94,94.38,1.006
"182","EVENT_READ,EVENT_CLOSE,EVENT_OPEN","EVENT_FORK",92.94,99.63,1.001
"183","EVENT_OPEN,EVENT_FORK","EVENT_READ,EVENT_CLOSE",92.94,99.5,1.007
"184","EVENT_CLOSE,EVENT_FORK","EVENT_READ,EVENT_OPEN",92.94,93.71,1.005
"185","EVENT_CLOSE,EVENT_OPEN","EVENT_READ,EVENT_FORK",92.94,99.12,1.006
"186","EVENT_READ,EVENT_FORK","EVENT_CLOSE,EVENT_OPEN",92.94,94.34,1.006
"187","EVENT_READ,EVENT_OPEN","EVENT_CLOSE,EVENT_FORK",92.94,99.63,1.005
"188","EVENT_READ,EVENT_CLOSE","EVENT_OPEN,EVENT_FORK",92.94,94.03,1.007
"189","EVENT_FORK","EVENT_READ,EVENT_CLOSE,EVENT_OPEN",92.94,93.36,1.001
"190","EVENT_OPEN","EVENT_READ,EVENT_CLOSE,EVENT_FORK",92.94,99.12,1.006
"191","EVENT_CLOSE","EVENT_READ,EVENT_OPEN,EVENT_FORK",92.94,93.33,1.004
"192","EVENT_READ","EVENT_CLOSE,EVENT_OPEN,EVENT_FORK",92.94,93.98,1.006
"193","EVENT_CLOSE,EVENT_LSEEK,EVENT_EXIT","EVENT_READ",92.99,100,1.011
"194","EVENT_READ,EVENT_LSEEK,EVENT_EXIT","EVENT_CLOSE",92.99,100,1.004
"195","EVENT_READ,EVENT_CLOSE,EVENT_EXIT","EVENT_LSEEK",92.99,94.36,1.012
"196","EVENT_READ,EVENT_CLOSE,EVENT_LSEEK","EVENT_EXIT",92.99,99.75,1.004
"197","EVENT_LSEEK,EVENT_EXIT","EVENT_READ,EVENT_CLOSE",92.99,100,1.012
"198","EVENT_CLOSE,EVENT_EXIT","EVENT_READ,EVENT_LSEEK",92.99,93.72,1.005
"199","EVENT_CLOSE,EVENT_LSEEK","EVENT_READ,EVENT_EXIT",92.99,99.72,1.012
"200","EVENT_READ,EVENT_EXIT","EVENT_CLOSE,EVENT_LSEEK",92.99,94.34,1.012
"201","EVENT_READ,EVENT_LSEEK","EVENT_CLOSE,EVENT_EXIT",92.99,99.75,1.005
"202","EVENT_READ,EVENT_CLOSE","EVENT_LSEEK,EVENT_EXIT",92.99,94.08,1.012
"203","EVENT_EXIT","EVENT_READ,EVENT_CLOSE,EVENT_LSEEK",92.99,93.64,1.004
"204","EVENT_LSEEK","EVENT_READ,EVENT_CLOSE,EVENT_EXIT",92.99,99.72,1.012
"205","EVENT_CLOSE","EVENT_READ,EVENT_LSEEK,EVENT_EXIT",92.99,93.37,1.004
"206","EVENT_READ","EVENT_CLOSE,EVENT_LSEEK,EVENT_EXIT",92.99,94.03,1.011
"207","EVENT_CLOSE,EVENT_LSEEK,EVENT_FORK","EVENT_READ",92.9,99.97,1.011
"208","EVENT_READ,EVENT_LSEEK,EVENT_FORK","EVENT_CLOSE",92.9,100,1.004
"209","EVENT_READ,EVENT_CLOSE,EVENT_FORK","EVENT_LSEEK",92.9,94.34,1.012
"210","EVENT_READ,EVENT_CLOSE,EVENT_LSEEK","EVENT_FORK",92.9,99.66,1.001
"211","EVENT_LSEEK,EVENT_FORK","EVENT_READ,EVENT_CLOSE",92.9,99.97,1.011
"212","EVENT_CLOSE,EVENT_FORK","EVENT_READ,EVENT_LSEEK",92.9,93.67,1.005
"213","EVENT_CLOSE,EVENT_LSEEK","EVENT_READ,EVENT_FORK",92.9,99.63,1.011
"214","EVENT_READ,EVENT_FORK","EVENT_CLOSE,EVENT_LSEEK",92.9,94.3,1.011
"215","EVENT_READ,EVENT_LSEEK","EVENT_CLOSE,EVENT_FORK",92.9,99.65,1.005
"216","EVENT_READ,EVENT_CLOSE","EVENT_LSEEK,EVENT_FORK",92.9,93.99,1.011
"217","EVENT_FORK","EVENT_READ,EVENT_CLOSE,EVENT_LSEEK",92.9,93.32,1.001
"218","EVENT_LSEEK","EVENT_READ,EVENT_CLOSE,EVENT_FORK",92.9,99.62,1.012
"219","EVENT_CLOSE","EVENT_READ,EVENT_LSEEK,EVENT_FORK",92.9,93.29,1.004
"220","EVENT_READ","EVENT_CLOSE,EVENT_LSEEK,EVENT_FORK",92.9,93.94,1.011
"221","EVENT_CLOSE,EVENT_EXIT,EVENT_FORK","EVENT_READ",98.26,99.36,1.005
"222","EVENT_READ,EVENT_EXIT,EVENT_FORK","EVENT_CLOSE",98.26,99.98,1.004
"223","EVENT_READ,EVENT_CLOSE,EVENT_FORK","EVENT_EXIT",98.26,99.78,1.005
"224","EVENT_READ,EVENT_CLOSE,EVENT_EXIT","EVENT_FORK",98.26,99.7,1.002
"225","EVENT_EXIT,EVENT_FORK","EVENT_READ,EVENT_CLOSE",98.26,99.29,1.005
"226","EVENT_CLOSE,EVENT_FORK","EVENT_READ,EVENT_EXIT",98.26,99.07,1.005
"227","EVENT_CLOSE,EVENT_EXIT","EVENT_READ,EVENT_FORK",98.26,99.03,1.005
"228","EVENT_READ,EVENT_FORK","EVENT_CLOSE,EVENT_EXIT",98.26,99.73,1.005
"229","EVENT_READ,EVENT_EXIT","EVENT_CLOSE,EVENT_FORK",98.26,99.68,1.005
"230","EVENT_READ,EVENT_CLOSE","EVENT_EXIT,EVENT_FORK",98.26,99.41,1.005
"231","EVENT_FORK","EVENT_READ,EVENT_CLOSE,EVENT_EXIT",98.26,98.7,1.002
"232","EVENT_EXIT","EVENT_READ,EVENT_CLOSE,EVENT_FORK",98.26,98.94,1.005
"233","EVENT_CLOSE","EVENT_READ,EVENT_EXIT,EVENT_FORK",98.26,98.67,1.004
"234","EVENT_READ","EVENT_CLOSE,EVENT_EXIT,EVENT_FORK",98.26,99.36,1.005
"235","EVENT_OPEN,EVENT_LSEEK,EVENT_EXIT","EVENT_READ",92.99,100,1.011
"236","EVENT_READ,EVENT_LSEEK,EVENT_EXIT","EVENT_OPEN",92.99,100,1.066
"237","EVENT_READ,EVENT_OPEN,EVENT_EXIT","EVENT_LSEEK",92.99,99.95,1.072
"238","EVENT_READ,EVENT_OPEN,EVENT_LSEEK","EVENT_EXIT",92.99,99.76,1.005
"239","EVENT_LSEEK,EVENT_EXIT","EVENT_READ,EVENT_OPEN",92.99,100,1.072
"240","EVENT_OPEN,EVENT_EXIT","EVENT_READ,EVENT_LSEEK",92.99,99.5,1.067
"241","EVENT_OPEN,EVENT_LSEEK","EVENT_READ,EVENT_EXIT",92.99,99.73,1.012
"242","EVENT_READ,EVENT_EXIT","EVENT_OPEN,EVENT_LSEEK",92.99,94.34,1.012
"243","EVENT_READ,EVENT_LSEEK","EVENT_OPEN,EVENT_EXIT",92.99,99.75,1.067
"244","EVENT_READ,EVENT_OPEN","EVENT_LSEEK,EVENT_EXIT",92.99,99.69,1.072
"245","EVENT_EXIT","EVENT_READ,EVENT_OPEN,EVENT_LSEEK",92.99,93.64,1.005
"246","EVENT_LSEEK","EVENT_READ,EVENT_OPEN,EVENT_EXIT",92.99,99.72,1.072
"247","EVENT_OPEN","EVENT_READ,EVENT_LSEEK,EVENT_EXIT",92.99,99.17,1.066
"248","EVENT_READ","EVENT_OPEN,EVENT_LSEEK,EVENT_EXIT",92.99,94.04,1.011
"249","EVENT_OPEN,EVENT_LSEEK,EVENT_FORK","EVENT_READ",92.91,99.97,1.011
"250","EVENT_READ,EVENT_LSEEK,EVENT_FORK","EVENT_OPEN",92.91,100,1.066
"251","EVENT_READ,EVENT_OPEN,EVENT_FORK","EVENT_LSEEK",92.91,99.96,1.072
"252","EVENT_READ,EVENT_OPEN,EVENT_LSEEK","EVENT_FORK",92.91,99.67,1.001
"253","EVENT_LSEEK,EVENT_FORK","EVENT_READ,EVENT_OPEN",92.91,99.97,1.072
"254","EVENT_OPEN,EVENT_FORK","EVENT_READ,EVENT_LSEEK",92.91,99.46,1.067
"255","EVENT_OPEN,EVENT_LSEEK","EVENT_READ,EVENT_FORK",92.91,99.64,1.011
"256","EVENT_READ,EVENT_FORK","EVENT_OPEN,EVENT_LSEEK",92.91,94.3,1.011
"257","EVENT_READ,EVENT_LSEEK","EVENT_OPEN,EVENT_FORK",92.91,99.66,1.067
"258","EVENT_READ,EVENT_OPEN","EVENT_LSEEK,EVENT_FORK",92.91,99.59,1.072
"259","EVENT_FORK","EVENT_READ,EVENT_OPEN,EVENT_LSEEK",92.91,93.32,1.001
"260","EVENT_LSEEK","EVENT_READ,EVENT_OPEN,EVENT_FORK",92.91,99.63,1.072
"261","EVENT_OPEN","EVENT_READ,EVENT_LSEEK,EVENT_FORK",92.91,99.08,1.066
"262","EVENT_READ","EVENT_OPEN,EVENT_LSEEK,EVENT_FORK",92.91,93.95,1.011
"263","EVENT_OPEN,EVENT_EXIT,EVENT_FORK","EVENT_READ",92.75,99.55,1.007
"264","EVENT_READ,EVENT_EXIT,EVENT_FORK","EVENT_OPEN",92.75,94.37,1.006
"265","EVENT_READ,EVENT_OPEN,EVENT_FORK","EVENT_EXIT",92.75,99.79,1.005
"266","EVENT_READ,EVENT_OPEN,EVENT_EXIT","EVENT_FORK",92.75,99.69,1.001
"267","EVENT_EXIT,EVENT_FORK","EVENT_READ,EVENT_OPEN",92.75,93.72,1.005
"268","EVENT_OPEN,EVENT_FORK","EVENT_READ,EVENT_EXIT",92.75,99.3,1.007
"269","EVENT_OPEN,EVENT_EXIT","EVENT_READ,EVENT_FORK",92.75,99.24,1.007
"270","EVENT_READ,EVENT_FORK","EVENT_OPEN,EVENT_EXIT",92.75,94.14,1.007
"271","EVENT_READ,EVENT_EXIT","EVENT_OPEN,EVENT_FORK",92.75,94.09,1.007
"272","EVENT_READ,EVENT_OPEN","EVENT_EXIT,EVENT_FORK",92.75,99.42,1.005
"273","EVENT_FORK","EVENT_READ,EVENT_OPEN,EVENT_EXIT",92.75,93.16,1.001
"274","EVENT_EXIT","EVENT_READ,EVENT_OPEN,EVENT_FORK",92.75,93.39,1.005
"275","EVENT_OPEN","EVENT_READ,EVENT_EXIT,EVENT_FORK",92.75,98.91,1.006
"276","EVENT_READ","EVENT_OPEN,EVENT_EXIT,EVENT_FORK",92.75,93.79,1.007
"277","EVENT_LSEEK,EVENT_EXIT,EVENT_FORK","EVENT_READ",92.72,100,1.011
"278","EVENT_READ,EVENT_EXIT,EVENT_FORK","EVENT_LSEEK",92.72,94.35,1.012
"279","EVENT_READ,EVENT_LSEEK,EVENT_FORK","EVENT_EXIT",92.72,99.8,1.005
"280","EVENT_READ,EVENT_LSEEK,EVENT_EXIT","EVENT_FORK",92.72,99.71,1.002
"281","EVENT_EXIT,EVENT_FORK","EVENT_READ,EVENT_LSEEK",92.72,93.7,1.005
"282","EVENT_LSEEK,EVENT_FORK","EVENT_READ,EVENT_EXIT",92.72,99.77,1.012
"283","EVENT_LSEEK,EVENT_EXIT","EVENT_READ,EVENT_FORK",92.72,99.71,1.012
"284","EVENT_READ,EVENT_FORK","EVENT_LSEEK,EVENT_EXIT",92.72,94.11,1.012
"285","EVENT_READ,EVENT_EXIT","EVENT_LSEEK,EVENT_FORK",92.72,94.07,1.012
"286","EVENT_READ,EVENT_LSEEK","EVENT_EXIT,EVENT_FORK",92.72,99.46,1.005
"287","EVENT_FORK","EVENT_READ,EVENT_LSEEK,EVENT_EXIT",92.72,93.14,1.002
"288","EVENT_EXIT","EVENT_READ,EVENT_LSEEK,EVENT_FORK",92.72,93.37,1.005
"289","EVENT_LSEEK","EVENT_READ,EVENT_EXIT,EVENT_FORK",92.72,99.43,1.012
"290","EVENT_READ","EVENT_LSEEK,EVENT_EXIT,EVENT_FORK",92.72,93.76,1.011
"291","EVENT_OPEN,EVENT_LSEEK,EVENT_EXIT","EVENT_CLOSE",92.99,100,1.004
"292","EVENT_CLOSE,EVENT_LSEEK,EVENT_EXIT","EVENT_OPEN",92.99,100,1.066
"293","EVENT_CLOSE,EVENT_OPEN,EVENT_EXIT","EVENT_LSEEK",92.99,99.5,1.067
"294","EVENT_CLOSE,EVENT_OPEN,EVENT_LSEEK","EVENT_EXIT",92.99,99.73,1.004
"295","EVENT_LSEEK,EVENT_EXIT","EVENT_CLOSE,EVENT_OPEN",92.99,100,1.066
"296","EVENT_OPEN,EVENT_EXIT","EVENT_CLOSE,EVENT_LSEEK",92.99,99.5,1.067
"297","EVENT_OPEN,EVENT_LSEEK","EVENT_CLOSE,EVENT_EXIT",92.99,99.73,1.005
"298","EVENT_CLOSE,EVENT_EXIT","EVENT_OPEN,EVENT_LSEEK",92.99,93.72,1.005
"299","EVENT_CLOSE,EVENT_LSEEK","EVENT_OPEN,EVENT_EXIT",92.99,99.72,1.067
"300","EVENT_CLOSE,EVENT_OPEN","EVENT_LSEEK,EVENT_EXIT",92.99,99.17,1.066
"301","EVENT_EXIT","EVENT_CLOSE,EVENT_OPEN,EVENT_LSEEK",92.99,93.64,1.004
"302","EVENT_LSEEK","EVENT_CLOSE,EVENT_OPEN,EVENT_EXIT",92.99,99.72,1.067
"303","EVENT_OPEN","EVENT_CLOSE,EVENT_LSEEK,EVENT_EXIT",92.99,99.17,1.066
"304","EVENT_CLOSE","EVENT_OPEN,EVENT_LSEEK,EVENT_EXIT",92.99,93.37,1.004
"305","EVENT_OPEN,EVENT_LSEEK,EVENT_FORK","EVENT_CLOSE",92.93,100,1.004
"306","EVENT_CLOSE,EVENT_LSEEK,EVENT_FORK","EVENT_OPEN",92.93,100,1.066
"307","EVENT_CLOSE,EVENT_OPEN,EVENT_FORK","EVENT_LSEEK",92.93,99.5,1.067
"308","EVENT_CLOSE,EVENT_OPEN,EVENT_LSEEK","EVENT_FORK",92.93,99.67,1.001
"309","EVENT_LSEEK,EVENT_FORK","EVENT_CLOSE,EVENT_OPEN",92.93,100,1.066
"310","EVENT_OPEN,EVENT_FORK","EVENT_CLOSE,EVENT_LSEEK",92.93,99.49,1.067
"311","EVENT_OPEN,EVENT_LSEEK","EVENT_CLOSE,EVENT_FORK",92.93,99.67,1.005
"312","EVENT_CLOSE,EVENT_FORK","EVENT_OPEN,EVENT_LSEEK",92.93,93.7,1.005
"313","EVENT_CLOSE,EVENT_LSEEK","EVENT_OPEN,EVENT_FORK",92.93,99.66,1.067
"314","EVENT_CLOSE,EVENT_OPEN","EVENT_LSEEK,EVENT_FORK",92.93,99.11,1.066
"315","EVENT_FORK","EVENT_CLOSE,EVENT_OPEN,EVENT_LSEEK",92.93,93.35,1.001
"316","EVENT_LSEEK","EVENT_CLOSE,EVENT_OPEN,EVENT_FORK",92.93,99.65,1.067
"317","EVENT_OPEN","EVENT_CLOSE,EVENT_LSEEK,EVENT_FORK",92.93,99.11,1.066
"318","EVENT_CLOSE","EVENT_OPEN,EVENT_LSEEK,EVENT_FORK",92.93,93.32,1.004
"319","EVENT_OPEN,EVENT_EXIT,EVENT_FORK","EVENT_CLOSE",93.16,100,1.004
"320","EVENT_CLOSE,EVENT_EXIT,EVENT_FORK","EVENT_OPEN",93.16,94.2,1.005
"321","EVENT_CLOSE,EVENT_OPEN,EVENT_FORK","EVENT_EXIT",93.16,99.74,1.004
"322","EVENT_CLOSE,EVENT_OPEN,EVENT_EXIT","EVENT_FORK",93.16,99.68,1.001
"323","EVENT_EXIT,EVENT_FORK","EVENT_CLOSE,EVENT_OPEN",93.16,94.14,1.004
"324","EVENT_OPEN,EVENT_FORK","EVENT_CLOSE,EVENT_EXIT",93.16,99.74,1.005
"325","EVENT_OPEN,EVENT_EXIT","EVENT_CLOSE,EVENT_FORK",93.16,99.68,1.005
"326","EVENT_CLOSE,EVENT_FORK","EVENT_OPEN,EVENT_EXIT",93.16,93.93,1.005
"327","EVENT_CLOSE,EVENT_EXIT","EVENT_OPEN,EVENT_FORK",93.16,93.9,1.005
"328","EVENT_CLOSE,EVENT_OPEN","EVENT_EXIT,EVENT_FORK",93.16,99.35,1.004
"329","EVENT_FORK","EVENT_CLOSE,EVENT_OPEN,EVENT_EXIT",93.16,93.58,1.001
"330","EVENT_EXIT","EVENT_CLOSE,EVENT_OPEN,EVENT_FORK",93.16,93.81,1.004
"331","EVENT_OPEN","EVENT_CLOSE,EVENT_EXIT,EVENT_FORK",93.16,99.35,1.005
"332","EVENT_CLOSE","EVENT_OPEN,EVENT_EXIT,EVENT_FORK",93.16,93.55,1.004
"333","EVENT_LSEEK,EVENT_EXIT,EVENT_FORK","EVENT_CLOSE",92.72,100,1.004
"334","EVENT_CLOSE,EVENT_EXIT,EVENT_FORK","EVENT_LSEEK",92.72,93.76,1.005
"335","EVENT_CLOSE,EVENT_LSEEK,EVENT_FORK","EVENT_EXIT",92.72,99.77,1.005
"336","EVENT_CLOSE,EVENT_LSEEK,EVENT_EXIT","EVENT_FORK",92.72,99.71,1.002
"337","EVENT_EXIT,EVENT_FORK","EVENT_CLOSE,EVENT_LSEEK",92.72,93.69,1.005
"338","EVENT_LSEEK,EVENT_FORK","EVENT_CLOSE,EVENT_EXIT",92.72,99.77,1.006
"339","EVENT_LSEEK,EVENT_EXIT","EVENT_CLOSE,EVENT_FORK",92.72,99.71,1.005
"340","EVENT_CLOSE,EVENT_FORK","EVENT_LSEEK,EVENT_EXIT",92.72,93.49,1.005
"341","EVENT_CLOSE,EVENT_EXIT","EVENT_LSEEK,EVENT_FORK",92.72,93.45,1.006
"342","EVENT_CLOSE,EVENT_LSEEK","EVENT_EXIT,EVENT_FORK",92.72,99.43,1.005
"343","EVENT_FORK","EVENT_CLOSE,EVENT_LSEEK,EVENT_EXIT",92.72,93.14,1.002
"344","EVENT_EXIT","EVENT_CLOSE,EVENT_LSEEK,EVENT_FORK",92.72,93.37,1.005
"345","EVENT_LSEEK","EVENT_CLOSE,EVENT_EXIT,EVENT_FORK",92.72,99.43,1.005
"346","EVENT_CLOSE","EVENT_LSEEK,EVENT_EXIT,EVENT_FORK",92.72,93.1,1.004
"347","EVENT_LSEEK,EVENT_EXIT,EVENT_FORK","EVENT_OPEN",92.72,100,1.066
"348","EVENT_OPEN,EVENT_EXIT,EVENT_FORK","EVENT_LSEEK",92.72,99.53,1.067
"349","EVENT_OPEN,EVENT_LSEEK,EVENT_FORK","EVENT_EXIT",92.72,99.77,1.005
"350","EVENT_OPEN,EVENT_LSEEK,EVENT_EXIT","EVENT_FORK",92.72,99.71,1.002
"351","EVENT_EXIT,EVENT_FORK","EVENT_OPEN,EVENT_LSEEK",92.72,93.7,1.005
"352","EVENT_LSEEK,EVENT_FORK","EVENT_OPEN,EVENT_EXIT",92.72,99.77,1.068
"353","EVENT_LSEEK,EVENT_EXIT","EVENT_OPEN,EVENT_FORK",92.72,99.71,1.067
"354","EVENT_OPEN,EVENT_FORK","EVENT_LSEEK,EVENT_EXIT",92.72,99.27,1.067
"355","EVENT_OPEN,EVENT_EXIT","EVENT_LSEEK,EVENT_FORK",92.72,99.21,1.068
"356","EVENT_OPEN,EVENT_LSEEK","EVENT_EXIT,EVENT_FORK",92.72,99.44,1.005
"357","EVENT_FORK","EVENT_OPEN,EVENT_LSEEK,EVENT_EXIT",92.72,93.14,1.002
"358","EVENT_EXIT","EVENT_OPEN,EVENT_LSEEK,EVENT_FORK",92.72,93.37,1.005
"359","EVENT_LSEEK","EVENT_OPEN,EVENT_EXIT,EVENT_FORK",92.72,99.43,1.067
"360","EVENT_OPEN","EVENT_LSEEK,EVENT_EXIT,EVENT_FORK",92.72,98.88,1.066
"361","EVENT_CLOSE,EVENT_OPEN,EVENT_LSEEK,EVENT_EXIT","EVENT_READ",92.99,100,1.011
"362","EVENT_READ,EVENT_OPEN,EVENT_LSEEK,EVENT_EXIT","EVENT_CLOSE",92.99,100,1.004
"363","EVENT_READ,EVENT_CLOSE,EVENT_LSEEK,EVENT_EXIT","EVENT_OPEN",92.99,100,1.066
"364","EVENT_READ,EVENT_CLOSE,EVENT_OPEN,EVENT_EXIT","EVENT_LSEEK",92.99,99.95,1.072
"365","EVENT_READ,EVENT_CLOSE,EVENT_OPEN,EVENT_LSEEK","EVENT_EXIT",92.99,99.76,1.005
"366","EVENT_OPEN,EVENT_LSEEK,EVENT_EXIT","EVENT_READ,EVENT_CLOSE",92.99,100,1.012
"367","EVENT_CLOSE,EVENT_LSEEK,EVENT_EXIT","EVENT_READ,EVENT_OPEN",92.99,100,1.072
"368","EVENT_CLOSE,EVENT_OPEN,EVENT_EXIT","EVENT_READ,EVENT_LSEEK",92.99,99.5,1.067
"369","EVENT_CLOSE,EVENT_OPEN,EVENT_LSEEK","EVENT_READ,EVENT_EXIT",92.99,99.73,1.012
"370","EVENT_READ,EVENT_LSEEK,EVENT_EXIT","EVENT_CLOSE,EVENT_OPEN",92.99,100,1.066
"371","EVENT_READ,EVENT_OPEN,EVENT_EXIT","EVENT_CLOSE,EVENT_LSEEK",92.99,99.95,1.072
"372","EVENT_READ,EVENT_OPEN,EVENT_LSEEK","EVENT_CLOSE,EVENT_EXIT",92.99,99.76,1.005
"373","EVENT_READ,EVENT_CLOSE,EVENT_EXIT","EVENT_OPEN,EVENT_LSEEK",92.99,94.36,1.012
"374","EVENT_READ,EVENT_CLOSE,EVENT_LSEEK","EVENT_OPEN,EVENT_EXIT",92.99,99.75,1.067
"375","EVENT_READ,EVENT_CLOSE,EVENT_OPEN","EVENT_LSEEK,EVENT_EXIT",92.99,99.69,1.072
"376","EVENT_LSEEK,EVENT_EXIT","EVENT_READ,EVENT_CLOSE,EVENT_OPEN",92.99,100,1.072
"377","EVENT_OPEN,EVENT_EXIT","EVENT_READ,EVENT_CLOSE,EVENT_LSEEK",92.99,99.5,1.067
"378","EVENT_OPEN,EVENT_LSEEK","EVENT_READ,EVENT_CLOSE,EVENT_EXIT",92.99,99.73,1.012
"379","EVENT_CLOSE,EVENT_EXIT","EVENT_READ,EVENT_OPEN,EVENT_LSEEK",92.99,93.72,1.005
"380","EVENT_CLOSE,EVENT_LSEEK","EVENT_READ,EVENT_OPEN,EVENT_EXIT",92.99,99.72,1.072
"381","EVENT_CLOSE,EVENT_OPEN","EVENT_READ,EVENT_LSEEK,EVENT_EXIT",92.99,99.17,1.066
"382","EVENT_READ,EVENT_EXIT","EVENT_CLOSE,EVENT_OPEN,EVENT_LSEEK",92.99,94.34,1.012
"383","EVENT_READ,EVENT_LSEEK","EVENT_CLOSE,EVENT_OPEN,EVENT_EXIT",92.99,99.75,1.067
"384","EVENT_READ,EVENT_OPEN","EVENT_CLOSE,EVENT_LSEEK,EVENT_EXIT",92.99,99.68,1.072
"385","EVENT_READ,EVENT_CLOSE","EVENT_OPEN,EVENT_LSEEK,EVENT_EXIT",92.99,94.08,1.012
"386","EVENT_EXIT","EVENT_READ,EVENT_CLOSE,EVENT_OPEN,EVENT_LSEEK",92.99,93.64,1.005
"387","EVENT_LSEEK","EVENT_READ,EVENT_CLOSE,EVENT_OPEN,EVENT_EXIT",92.99,99.72,1.072
"388","EVENT_OPEN","EVENT_READ,EVENT_CLOSE,EVENT_LSEEK,EVENT_EXIT",92.99,99.17,1.066
"389","EVENT_CLOSE","EVENT_READ,EVENT_OPEN,EVENT_LSEEK,EVENT_EXIT",92.99,93.37,1.004
"390","EVENT_READ","EVENT_CLOSE,EVENT_OPEN,EVENT_LSEEK,EVENT_EXIT",92.99,94.03,1.011
"391","EVENT_CLOSE,EVENT_OPEN,EVENT_LSEEK,EVENT_FORK","EVENT_READ",92.9,99.97,1.011
"392","EVENT_READ,EVENT_OPEN,EVENT_LSEEK,EVENT_FORK","EVENT_CLOSE",92.9,100,1.004
"393","EVENT_READ,EVENT_CLOSE,EVENT_LSEEK,EVENT_FORK","EVENT_OPEN",92.9,100,1.066
"394","EVENT_READ,EVENT_CLOSE,EVENT_OPEN,EVENT_FORK","EVENT_LSEEK",92.9,99.96,1.072
"395","EVENT_READ,EVENT_CLOSE,EVENT_OPEN,EVENT_LSEEK","EVENT_FORK",92.9,99.67,1.001
"396","EVENT_OPEN,EVENT_LSEEK,EVENT_FORK","EVENT_READ,EVENT_CLOSE",92.9,99.97,1.011
"397","EVENT_CLOSE,EVENT_LSEEK,EVENT_FORK","EVENT_READ,EVENT_OPEN",92.9,99.97,1.072
"398","EVENT_CLOSE,EVENT_OPEN,EVENT_FORK","EVENT_READ,EVENT_LSEEK",92.9,99.46,1.067
"399","EVENT_CLOSE,EVENT_OPEN,EVENT_LSEEK","EVENT_READ,EVENT_FORK",92.9,99.64,1.011
"400","EVENT_READ,EVENT_LSEEK,EVENT_FORK","EVENT_CLOSE,EVENT_OPEN",92.9,100,1.066
"401","EVENT_READ,EVENT_OPEN,EVENT_FORK","EVENT_CLOSE,EVENT_LSEEK",92.9,99.95,1.072
"402","EVENT_READ,EVENT_OPEN,EVENT_LSEEK","EVENT_CLOSE,EVENT_FORK",92.9,99.67,1.005
"403","EVENT_READ,EVENT_CLOSE,EVENT_FORK","EVENT_OPEN,EVENT_LSEEK",92.9,94.34,1.012
"404","EVENT_READ,EVENT_CLOSE,EVENT_LSEEK","EVENT_OPEN,EVENT_FORK",92.9,99.66,1.067
"405","EVENT_READ,EVENT_CLOSE,EVENT_OPEN","EVENT_LSEEK,EVENT_FORK",92.9,99.59,1.072
"406","EVENT_LSEEK,EVENT_FORK","EVENT_READ,EVENT_CLOSE,EVENT_OPEN",92.9,99.97,1.072
"407","EVENT_OPEN,EVENT_FORK","EVENT_READ,EVENT_CLOSE,EVENT_LSEEK",92.9,99.46,1.067
"408","EVENT_OPEN,EVENT_LSEEK","EVENT_READ,EVENT_CLOSE,EVENT_FORK",92.9,99.64,1.012
"409","EVENT_CLOSE,EVENT_FORK","EVENT_READ,EVENT_OPEN,EVENT_LSEEK",92.9,93.67,1.005
"410","EVENT_CLOSE,EVENT_LSEEK","EVENT_READ,EVENT_OPEN,EVENT_FORK",92.9,99.63,1.072
"411","EVENT_CLOSE,EVENT_OPEN","EVENT_READ,EVENT_LSEEK,EVENT_FORK",92.9,99.08,1.066
"412","EVENT_READ,EVENT_FORK","EVENT_CLOSE,EVENT_OPEN,EVENT_LSEEK",92.9,94.3,1.011
"413","EVENT_READ,EVENT_LSEEK","EVENT_CLOSE,EVENT_OPEN,EVENT_FORK",92.9,99.65,1.067
"414","EVENT_READ,EVENT_OPEN","EVENT_CLOSE,EVENT_LSEEK,EVENT_FORK",92.9,99.59,1.072
"415","EVENT_READ,EVENT_CLOSE","EVENT_OPEN,EVENT_LSEEK,EVENT_FORK",92.9,93.99,1.011
"416","EVENT_FORK","EVENT_READ,EVENT_CLOSE,EVENT_OPEN,EVENT_LSEEK",92.9,93.32,1.001
"417","EVENT_LSEEK","EVENT_READ,EVENT_CLOSE,EVENT_OPEN,EVENT_FORK",92.9,99.62,1.072
"418","EVENT_OPEN","EVENT_READ,EVENT_CLOSE,EVENT_LSEEK,EVENT_FORK",92.9,99.07,1.066
"419","EVENT_CLOSE","EVENT_READ,EVENT_OPEN,EVENT_LSEEK,EVENT_FORK",92.9,93.29,1.004
"420","EVENT_READ","EVENT_CLOSE,EVENT_OPEN,EVENT_LSEEK,EVENT_FORK",92.9,93.94,1.011
"421","EVENT_CLOSE,EVENT_OPEN,EVENT_EXIT,EVENT_FORK","EVENT_READ",92.74,99.55,1.007
"422","EVENT_READ,EVENT_OPEN,EVENT_EXIT,EVENT_FORK","EVENT_CLOSE",92.74,100,1.004
"423","EVENT_READ,EVENT_CLOSE,EVENT_EXIT,EVENT_FORK","EVENT_OPEN",92.74,94.39,1.007
"424","EVENT_READ,EVENT_CLOSE,EVENT_OPEN,EVENT_FORK","EVENT_EXIT",92.74,99.79,1.005
"425","EVENT_READ,EVENT_CLOSE,EVENT_OPEN,EVENT_EXIT","EVENT_FORK",92.74,99.69,1.001
"426","EVENT_OPEN,EVENT_EXIT,EVENT_FORK","EVENT_READ,EVENT_CLOSE",92.74,99.55,1.007
"427","EVENT_CLOSE,EVENT_EXIT,EVENT_FORK","EVENT_READ,EVENT_OPEN",92.74,93.78,1.005
"428","EVENT_CLOSE,EVENT_OPEN,EVENT_FORK","EVENT_READ,EVENT_EXIT",92.74,99.3,1.007
"429","EVENT_CLOSE,EVENT_OPEN,EVENT_EXIT","EVENT_READ,EVENT_FORK",92.74,99.24,1.007
"430","EVENT_READ,EVENT_EXIT,EVENT_FORK","EVENT_CLOSE,EVENT_OPEN",92.74,94.37,1.006
"431","EVENT_READ,EVENT_OPEN,EVENT_FORK","EVENT_CLOSE,EVENT_EXIT",92.74,99.78,1.006
"432","EVENT_READ,EVENT_OPEN,EVENT_EXIT","EVENT_CLOSE,EVENT_FORK",92.74,99.69,1.005
"433","EVENT_READ,EVENT_CLOSE,EVENT_FORK","EVENT_OPEN,EVENT_EXIT",92.74,94.18,1.008
"434","EVENT_READ,EVENT_CLOSE,EVENT_EXIT","EVENT_OPEN,EVENT_FORK",92.74,94.11,1.008
"435","EVENT_READ,EVENT_CLOSE,EVENT_OPEN","EVENT_EXIT,EVENT_FORK",92.74,99.42,1.005
"436","EVENT_EXIT,EVENT_FORK","EVENT_READ,EVENT_CLOSE,EVENT_OPEN",92.74,93.72,1.005
"437","EVENT_OPEN,EVENT_FORK","EVENT_READ,EVENT_CLOSE,EVENT_EXIT",92.74,99.29,1.008
"438","EVENT_OPEN,EVENT_EXIT","EVENT_READ,EVENT_CLOSE,EVENT_FORK",92.74,99.23,1.008
"439","EVENT_CLOSE,EVENT_FORK","EVENT_READ,EVENT_OPEN,EVENT_EXIT",92.74,93.51,1.005
"440","EVENT_CLOSE,EVENT_EXIT","EVENT_READ,EVENT_OPEN,EVENT_FORK",92.74,93.48,1.006
"441","EVENT_CLOSE,EVENT_OPEN","EVENT_READ,EVENT_EXIT,EVENT_FORK",92.74,98.91,1.006
"442","EVENT_READ,EVENT_FORK","EVENT_CLOSE,EVENT_OPEN,EVENT_EXIT",92.74,94.14,1.007
"443","EVENT_READ,EVENT_EXIT","EVENT_CLOSE,EVENT_OPEN,EVENT_FORK",92.74,94.09,1.007
"444","EVENT_READ,EVENT_OPEN","EVENT_CLOSE,EVENT_EXIT,EVENT_FORK",92.74,99.42,1.005
"445","EVENT_READ,EVENT_CLOSE","EVENT_OPEN,EVENT_EXIT,EVENT_FORK",92.74,93.83,1.007
"446","EVENT_FORK","EVENT_READ,EVENT_CLOSE,EVENT_OPEN,EVENT_EXIT",92.74,93.16,1.001
"447","EVENT_EXIT","EVENT_READ,EVENT_CLOSE,EVENT_OPEN,EVENT_FORK",92.74,93.39,1.005
"448","EVENT_OPEN","EVENT_READ,EVENT_CLOSE,EVENT_EXIT,EVENT_FORK",92.74,98.91,1.007
"449","EVENT_CLOSE","EVENT_READ,EVENT_OPEN,EVENT_EXIT,EVENT_FORK",92.74,93.13,1.004
"450","EVENT_READ","EVENT_CLOSE,EVENT_OPEN,EVENT_EXIT,EVENT_FORK",92.74,93.78,1.007
"451","EVENT_CLOSE,EVENT_LSEEK,EVENT_EXIT,EVENT_FORK","EVENT_READ",92.72,100,1.011
"452","EVENT_READ,EVENT_LSEEK,EVENT_EXIT,EVENT_FORK","EVENT_CLOSE",92.72,100,1.004
"453","EVENT_READ,EVENT_CLOSE,EVENT_EXIT,EVENT_FORK","EVENT_LSEEK",92.72,94.36,1.012
"454","EVENT_READ,EVENT_CLOSE,EVENT_LSEEK,EVENT_FORK","EVENT_EXIT",92.72,99.8,1.005
"455","EVENT_READ,EVENT_CLOSE,EVENT_LSEEK,EVENT_EXIT","EVENT_FORK",92.72,99.71,1.002
"456","EVENT_LSEEK,EVENT_EXIT,EVENT_FORK","EVENT_READ,EVENT_CLOSE",92.72,100,1.012
"457","EVENT_CLOSE,EVENT_EXIT,EVENT_FORK","EVENT_READ,EVENT_LSEEK",92.72,93.76,1.006
"458","EVENT_CLOSE,EVENT_LSEEK,EVENT_FORK","EVENT_READ,EVENT_EXIT",92.72,99.77,1.012
"459","EVENT_CLOSE,EVENT_LSEEK,EVENT_EXIT","EVENT_READ,EVENT_FORK",92.72,99.71,1.012
"460","EVENT_READ,EVENT_EXIT,EVENT_FORK","EVENT_CLOSE,EVENT_LSEEK",92.72,94.34,1.012
"461","EVENT_READ,EVENT_LSEEK,EVENT_FORK","EVENT_CLOSE,EVENT_EXIT",92.72,99.8,1.006
"462","EVENT_READ,EVENT_LSEEK,EVENT_EXIT","EVENT_CLOSE,EVENT_FORK",92.72,99.71,1.005
"463","EVENT_READ,EVENT_CLOSE,EVENT_FORK","EVENT_LSEEK,EVENT_EXIT",92.72,94.15,1.012
"464","EVENT_READ,EVENT_CLOSE,EVENT_EXIT","EVENT_LSEEK,EVENT_FORK",92.72,94.08,1.012
"465","EVENT_READ,EVENT_CLOSE,EVENT_LSEEK","EVENT_EXIT,EVENT_FORK",92.72,99.46,1.005
"466","EVENT_EXIT,EVENT_FORK","EVENT_READ,EVENT_CLOSE,EVENT_LSEEK",92.72,93.69,1.005
"467","EVENT_LSEEK,EVENT_FORK","EVENT_READ,EVENT_CLOSE,EVENT_EXIT",92.72,99.77,1.012
"468","EVENT_LSEEK,EVENT_EXIT","EVENT_READ,EVENT_CLOSE,EVENT_FORK",92.72,99.71,1.012
"469","EVENT_CLOSE,EVENT_FORK","EVENT_READ,EVENT_LSEEK,EVENT_EXIT",92.72,93.49,1.005
"470","EVENT_CLOSE,EVENT_EXIT","EVENT_READ,EVENT_LSEEK,EVENT_FORK",92.72,93.45,1.006
"471","EVENT_CLOSE,EVENT_LSEEK","EVENT_READ,EVENT_EXIT,EVENT_FORK",92.72,99.43,1.012
"472","EVENT_READ,EVENT_FORK","EVENT_CLOSE,EVENT_LSEEK,EVENT_EXIT",92.72,94.11,1.012
"473","EVENT_READ,EVENT_EXIT","EVENT_CLOSE,EVENT_LSEEK,EVENT_FORK",92.72,94.06,1.012
"474","EVENT_READ,EVENT_LSEEK","EVENT_CLOSE,EVENT_EXIT,EVENT_FORK",92.72,99.46,1.006
"475","EVENT_READ,EVENT_CLOSE","EVENT_LSEEK,EVENT_EXIT,EVENT_FORK",92.72,93.81,1.012
"476","EVENT_FORK","EVENT_READ,EVENT_CLOSE,EVENT_LSEEK,EVENT_EXIT",92.72,93.14,1.002
"477","EVENT_EXIT","EVENT_READ,EVENT_CLOSE,EVENT_LSEEK,EVENT_FORK",92.72,93.37,1.005
"478","EVENT_LSEEK","EVENT_READ,EVENT_CLOSE,EVENT_EXIT,EVENT_FORK",92.72,99.43,1.012
"479","EVENT_CLOSE","EVENT_READ,EVENT_LSEEK,EVENT_EXIT,EVENT_FORK",92.72,93.1,1.004
"480","EVENT_READ","EVENT_CLOSE,EVENT_LSEEK,EVENT_EXIT,EVENT_FORK",92.72,93.76,1.011
"481","EVENT_OPEN,EVENT_LSEEK,EVENT_EXIT,EVENT_FORK","EVENT_READ",92.72,100,1.011
"482","EVENT_READ,EVENT_LSEEK,EVENT_EXIT,EVENT_FORK","EVENT_OPEN",92.72,100,1.066
"483","EVENT_READ,EVENT_OPEN,EVENT_EXIT,EVENT_FORK","EVENT_LSEEK",92.72,99.97,1.072
"484","EVENT_READ,EVENT_OPEN,EVENT_LSEEK,EVENT_FORK","EVENT_EXIT",92.72,99.8,1.005
"485","EVENT_READ,EVENT_OPEN,EVENT_LSEEK,EVENT_EXIT","EVENT_FORK",92.72,99.71,1.002
"486","EVENT_LSEEK,EVENT_EXIT,EVENT_FORK","EVENT_READ,EVENT_OPEN",92.72,100,1.072
"487","EVENT_OPEN,EVENT_EXIT,EVENT_FORK","EVENT_READ,EVENT_LSEEK",92.72,99.53,1.068
"488","EVENT_OPEN,EVENT_LSEEK,EVENT_FORK","EVENT_READ,EVENT_EXIT",92.72,99.77,1.012
"489","EVENT_OPEN,EVENT_LSEEK,EVENT_EXIT","EVENT_READ,EVENT_FORK",92.72,99.71,1.012
"490","EVENT_READ,EVENT_EXIT,EVENT_FORK","EVENT_OPEN,EVENT_LSEEK",92.72,94.35,1.012
"491","EVENT_READ,EVENT_LSEEK,EVENT_FORK","EVENT_OPEN,EVENT_EXIT",92.72,99.8,1.068
"492","EVENT_READ,EVENT_LSEEK,EVENT_EXIT","EVENT_OPEN,EVENT_FORK",92.72,99.71,1.067
"493","EVENT_READ,EVENT_OPEN,EVENT_FORK","EVENT_LSEEK,EVENT_EXIT",92.72,99.76,1.073
"494","EVENT_READ,EVENT_OPEN,EVENT_EXIT","EVENT_LSEEK,EVENT_FORK",92.72,99.66,1.072
"495","EVENT_READ,EVENT_OPEN,EVENT_LSEEK","EVENT_EXIT,EVENT_FORK",92.72,99.47,1.005
"496","EVENT_EXIT,EVENT_FORK","EVENT_READ,EVENT_OPEN,EVENT_LSEEK",92.72,93.7,1.005
"497","EVENT_LSEEK,EVENT_FORK","EVENT_READ,EVENT_OPEN,EVENT_EXIT",92.72,99.77,1.072
"498","EVENT_LSEEK,EVENT_EXIT","EVENT_READ,EVENT_OPEN,EVENT_FORK",92.72,99.71,1.073
"499","EVENT_OPEN,EVENT_FORK","EVENT_READ,EVENT_LSEEK,EVENT_EXIT",92.72,99.27,1.067
"500","EVENT_OPEN,EVENT_EXIT","EVENT_READ,EVENT_LSEEK,EVENT_FORK",92.72,99.21,1.068
"501","EVENT_OPEN,EVENT_LSEEK","EVENT_READ,EVENT_EXIT,EVENT_FORK",92.72,99.44,1.012
"502","EVENT_READ,EVENT_FORK","EVENT_OPEN,EVENT_LSEEK,EVENT_EXIT",92.72,94.11,1.012
"503","EVENT_READ,EVENT_EXIT","EVENT_OPEN,EVENT_LSEEK,EVENT_FORK",92.72,94.07,1.012
"504","EVENT_READ,EVENT_LSEEK","EVENT_OPEN,EVENT_EXIT,EVENT_FORK",92.72,99.46,1.068
"505","EVENT_READ,EVENT_OPEN","EVENT_LSEEK,EVENT_EXIT,EVENT_FORK",92.72,99.4,1.072
"506","EVENT_FORK","EVENT_READ,EVENT_OPEN,EVENT_LSEEK,EVENT_EXIT",92.72,93.14,1.002
"507","EVENT_EXIT","EVENT_READ,EVENT_OPEN,EVENT_LSEEK,EVENT_FORK",92.72,93.37,1.005
"508","EVENT_LSEEK","EVENT_READ,EVENT_OPEN,EVENT_EXIT,EVENT_FORK",92.72,99.43,1.072
"509","EVENT_OPEN","EVENT_READ,EVENT_LSEEK,EVENT_EXIT,EVENT_FORK",92.72,98.88,1.066
"510","EVENT_READ","EVENT_OPEN,EVENT_LSEEK,EVENT_EXIT,EVENT_FORK",92.72,93.76,1.011
"511","EVENT_OPEN,EVENT_LSEEK,EVENT_EXIT,EVENT_FORK","EVENT_CLOSE",92.72,100,1.004
"512","EVENT_CLOSE,EVENT_LSEEK,EVENT_EXIT,EVENT_FORK","EVENT_OPEN",92.72,100,1.066
"513","EVENT_CLOSE,EVENT_OPEN,EVENT_EXIT,EVENT_FORK","EVENT_LSEEK",92.72,99.53,1.067
"514","EVENT_CLOSE,EVENT_OPEN,EVENT_LSEEK,EVENT_FORK","EVENT_EXIT",92.72,99.77,1.005
"515","EVENT_CLOSE,EVENT_OPEN,EVENT_LSEEK,EVENT_EXIT","EVENT_FORK",92.72,99.71,1.002
"516","EVENT_LSEEK,EVENT_EXIT,EVENT_FORK","EVENT_CLOSE,EVENT_OPEN",92.72,100,1.066
"517","EVENT_OPEN,EVENT_EXIT,EVENT_FORK","EVENT_CLOSE,EVENT_LSEEK",92.72,99.52,1.067
"518","EVENT_OPEN,EVENT_LSEEK,EVENT_FORK","EVENT_CLOSE,EVENT_EXIT",92.72,99.77,1.006
"519","EVENT_OPEN,EVENT_LSEEK,EVENT_EXIT","EVENT_CLOSE,EVENT_FORK",92.72,99.71,1.005
"520","EVENT_CLOSE,EVENT_EXIT,EVENT_FORK","EVENT_OPEN,EVENT_LSEEK",92.72,93.76,1.006
"521","EVENT_CLOSE,EVENT_LSEEK,EVENT_FORK","EVENT_OPEN,EVENT_EXIT",92.72,99.77,1.068
"522","EVENT_CLOSE,EVENT_LSEEK,EVENT_EXIT","EVENT_OPEN,EVENT_FORK",92.72,99.71,1.067
"523","EVENT_CLOSE,EVENT_OPEN,EVENT_FORK","EVENT_LSEEK,EVENT_EXIT",92.72,99.27,1.067
"524","EVENT_CLOSE,EVENT_OPEN,EVENT_EXIT","EVENT_LSEEK,EVENT_FORK",92.72,99.21,1.068
"525","EVENT_CLOSE,EVENT_OPEN,EVENT_LSEEK","EVENT_EXIT,EVENT_FORK",92.72,99.44,1.005
"526","EVENT_EXIT,EVENT_FORK","EVENT_CLOSE,EVENT_OPEN,EVENT_LSEEK",92.72,93.69,1.005
"527","EVENT_LSEEK,EVENT_FORK","EVENT_CLOSE,EVENT_OPEN,EVENT_EXIT",92.72,99.77,1.068
"528","EVENT_LSEEK,EVENT_EXIT","EVENT_CLOSE,EVENT_OPEN,EVENT_FORK",92.72,99.71,1.067
"529","EVENT_OPEN,EVENT_FORK","EVENT_CLOSE,EVENT_LSEEK,EVENT_EXIT",92.72,99.26,1.067
"530","EVENT_OPEN,EVENT_EXIT","EVENT_CLOSE,EVENT_LSEEK,EVENT_FORK",92.72,99.21,1.068
"531","EVENT_OPEN,EVENT_LSEEK","EVENT_CLOSE,EVENT_EXIT,EVENT_FORK",92.72,99.44,1.006
"532","EVENT_CLOSE,EVENT_FORK","EVENT_OPEN,EVENT_LSEEK,EVENT_EXIT",92.72,93.49,1.005
"533","EVENT_CLOSE,EVENT_EXIT","EVENT_OPEN,EVENT_LSEEK,EVENT_FORK",92.72,93.45,1.006
"534","EVENT_CLOSE,EVENT_LSEEK","EVENT_OPEN,EVENT_EXIT,EVENT_FORK",92.72,99.43,1.067
"535","EVENT_CLOSE,EVENT_OPEN","EVENT_LSEEK,EVENT_EXIT,EVENT_FORK",92.72,98.88,1.066
"536","EVENT_FORK","EVENT_CLOSE,EVENT_OPEN,EVENT_LSEEK,EVENT_EXIT",92.72,93.14,1.002
"537","EVENT_EXIT","EVENT_CLOSE,EVENT_OPEN,EVENT_LSEEK,EVENT_FORK",92.72,93.37,1.005
"538","EVENT_LSEEK","EVENT_CLOSE,EVENT_OPEN,EVENT_EXIT,EVENT_FORK",92.72,99.43,1.067
"539","EVENT_OPEN","EVENT_CLOSE,EVENT_LSEEK,EVENT_EXIT,EVENT_FORK",92.72,98.88,1.066
"540","EVENT_CLOSE","EVENT_OPEN,EVENT_LSEEK,EVENT_EXIT,EVENT_FORK",92.72,93.1,1.004
"541","EVENT_CLOSE,EVENT_OPEN,EVENT_LSEEK,EVENT_EXIT,EVENT_FORK","EVENT_READ",92.72,100,1.011
"542","EVENT_READ,EVENT_OPEN,EVENT_LSEEK,EVENT_EXIT,EVENT_FORK","EVENT_CLOSE",92.72,100,1.004
"543","EVENT_READ,EVENT_CLOSE,EVENT_LSEEK,EVENT_EXIT,EVENT_FORK","EVENT_OPEN",92.72,100,1.066
"544","EVENT_READ,EVENT_CLOSE,EVENT_OPEN,EVENT_EXIT,EVENT_FORK","EVENT_LSEEK",92.72,99.97,1.072
"545","EVENT_READ,EVENT_CLOSE,EVENT_OPEN,EVENT_LSEEK,EVENT_FORK","EVENT_EXIT",92.72,99.8,1.005
"546","EVENT_READ,EVENT_CLOSE,EVENT_OPEN,EVENT_LSEEK,EVENT_EXIT","EVENT_FORK",92.72,99.71,1.002
"547","EVENT_OPEN,EVENT_LSEEK,EVENT_EXIT,EVENT_FORK","EVENT_READ,EVENT_CLOSE",92.72,100,1.012
"548","EVENT_CLOSE,EVENT_LSEEK,EVENT_EXIT,EVENT_FORK","EVENT_READ,EVENT_OPEN",92.72,100,1.072
"549","EVENT_CLOSE,EVENT_OPEN,EVENT_EXIT,EVENT_FORK","EVENT_READ,EVENT_LSEEK",92.72,99.53,1.068
"550","EVENT_CLOSE,EVENT_OPEN,EVENT_LSEEK,EVENT_FORK","EVENT_READ,EVENT_EXIT",92.72,99.77,1.012
"551","EVENT_CLOSE,EVENT_OPEN,EVENT_LSEEK,EVENT_EXIT","EVENT_READ,EVENT_FORK",92.72,99.71,1.012
"552","EVENT_READ,EVENT_LSEEK,EVENT_EXIT,EVENT_FORK","EVENT_CLOSE,EVENT_OPEN",92.72,100,1.066
"553","EVENT_READ,EVENT_OPEN,EVENT_EXIT,EVENT_FORK","EVENT_CLOSE,EVENT_LSEEK",92.72,99.97,1.072
"554","EVENT_READ,EVENT_OPEN,EVENT_LSEEK,EVENT_FORK","EVENT_CLOSE,EVENT_EXIT",92.72,99.8,1.006
"555","EVENT_READ,EVENT_OPEN,EVENT_LSEEK,EVENT_EXIT","EVENT_CLOSE,EVENT_FORK",92.72,99.71,1.005
"556","EVENT_READ,EVENT_CLOSE,EVENT_EXIT,EVENT_FORK","EVENT_OPEN,EVENT_LSEEK",92.72,94.36,1.012
"557","EVENT_READ,EVENT_CLOSE,EVENT_LSEEK,EVENT_FORK","EVENT_OPEN,EVENT_EXIT",92.72,99.8,1.068
"558","EVENT_READ,EVENT_CLOSE,EVENT_LSEEK,EVENT_EXIT","EVENT_OPEN,EVENT_FORK",92.72,99.71,1.067
"559","EVENT_READ,EVENT_CLOSE,EVENT_OPEN,EVENT_FORK","EVENT_LSEEK,EVENT_EXIT",92.72,99.76,1.073
"560","EVENT_READ,EVENT_CLOSE,EVENT_OPEN,EVENT_EXIT","EVENT_LSEEK,EVENT_FORK",92.72,99.66,1.072
"561","EVENT_READ,EVENT_CLOSE,EVENT_OPEN,EVENT_LSEEK","EVENT_EXIT,EVENT_FORK",92.72,99.47,1.005
"562","EVENT_LSEEK,EVENT_EXIT,EVENT_FORK","EVENT_READ,EVENT_CLOSE,EVENT_OPEN",92.72,100,1.072
"563","EVENT_OPEN,EVENT_EXIT,EVENT_FORK","EVENT_READ,EVENT_CLOSE,EVENT_LSEEK",92.72,99.52,1.068
"564","EVENT_OPEN,EVENT_LSEEK,EVENT_FORK","EVENT_READ,EVENT_CLOSE,EVENT_EXIT",92.72,99.77,1.012
"565","EVENT_OPEN,EVENT_LSEEK,EVENT_EXIT","EVENT_READ,EVENT_CLOSE,EVENT_FORK",92.72,99.71,1.012
"566","EVENT_CLOSE,EVENT_EXIT,EVENT_FORK","EVENT_READ,EVENT_OPEN,EVENT_LSEEK",92.72,93.76,1.006
"567","EVENT_CLOSE,EVENT_LSEEK,EVENT_FORK","EVENT_READ,EVENT_OPEN,EVENT_EXIT",92.72,99.77,1.072
"568","EVENT_CLOSE,EVENT_LSEEK,EVENT_EXIT","EVENT_READ,EVENT_OPEN,EVENT_FORK",92.72,99.71,1.073
"569","EVENT_CLOSE,EVENT_OPEN,EVENT_FORK","EVENT_READ,EVENT_LSEEK,EVENT_EXIT",92.72,99.27,1.067
"570","EVENT_CLOSE,EVENT_OPEN,EVENT_EXIT","EVENT_READ,EVENT_LSEEK,EVENT_FORK",92.72,99.21,1.068
"571","EVENT_CLOSE,EVENT_OPEN,EVENT_LSEEK","EVENT_READ,EVENT_EXIT,EVENT_FORK",92.72,99.44,1.012
"572","EVENT_READ,EVENT_EXIT,EVENT_FORK","EVENT_CLOSE,EVENT_OPEN,EVENT_LSEEK",92.72,94.34,1.012
"573","EVENT_READ,EVENT_LSEEK,EVENT_FORK","EVENT_CLOSE,EVENT_OPEN,EVENT_EXIT",92.72,99.8,1.068
"574","EVENT_READ,EVENT_LSEEK,EVENT_EXIT","EVENT_CLOSE,EVENT_OPEN,EVENT_FORK",92.72,99.71,1.067
"575","EVENT_READ,EVENT_OPEN,EVENT_FORK","EVENT_CLOSE,EVENT_LSEEK,EVENT_EXIT",92.72,99.76,1.073
"576","EVENT_READ,EVENT_OPEN,EVENT_EXIT","EVENT_CLOSE,EVENT_LSEEK,EVENT_FORK",92.72,99.66,1.072
"577","EVENT_READ,EVENT_OPEN,EVENT_LSEEK","EVENT_CLOSE,EVENT_EXIT,EVENT_FORK",92.72,99.47,1.006
"578","EVENT_READ,EVENT_CLOSE,EVENT_FORK","EVENT_OPEN,EVENT_LSEEK,EVENT_EXIT",92.72,94.15,1.012
"579","EVENT_READ,EVENT_CLOSE,EVENT_EXIT","EVENT_OPEN,EVENT_LSEEK,EVENT_FORK",92.72,94.08,1.012
"580","EVENT_READ,EVENT_CLOSE,EVENT_LSEEK","EVENT_OPEN,EVENT_EXIT,EVENT_FORK",92.72,99.46,1.068
"581","EVENT_READ,EVENT_CLOSE,EVENT_OPEN","EVENT_LSEEK,EVENT_EXIT,EVENT_FORK",92.72,99.39,1.072
"582","EVENT_EXIT,EVENT_FORK","EVENT_READ,EVENT_CLOSE,EVENT_OPEN,EVENT_LSEEK",92.72,93.69,1.005
"583","EVENT_LSEEK,EVENT_FORK","EVENT_READ,EVENT_CLOSE,EVENT_OPEN,EVENT_EXIT",92.72,99.77,1.072
"584","EVENT_LSEEK,EVENT_EXIT","EVENT_READ,EVENT_CLOSE,EVENT_OPEN,EVENT_FORK",92.72,99.71,1.073
"585","EVENT_OPEN,EVENT_FORK","EVENT_READ,EVENT_CLOSE,EVENT_LSEEK,EVENT_EXIT",92.72,99.26,1.067
"586","EVENT_OPEN,EVENT_EXIT","EVENT_READ,EVENT_CLOSE,EVENT_LSEEK,EVENT_FORK",92.72,99.21,1.068
"587","EVENT_OPEN,EVENT_LSEEK","EVENT_READ,EVENT_CLOSE,EVENT_EXIT,EVENT_FORK",92.72,99.44,1.012
"588","EVENT_CLOSE,EVENT_FORK","EVENT_READ,EVENT_OPEN,EVENT_LSEEK,EVENT_EXIT",92.72,93.49,1.005
"589","EVENT_CLOSE,EVENT_EXIT","EVENT_READ,EVENT_OPEN,EVENT_LSEEK,EVENT_FORK",92.72,93.45,1.006
"590","EVENT_CLOSE,EVENT_LSEEK","EVENT_READ,EVENT_OPEN,EVENT_EXIT,EVENT_FORK",92.72,99.43,1.072
"591","EVENT_CLOSE,EVENT_OPEN","EVENT_READ,EVENT_LSEEK,EVENT_EXIT,EVENT_FORK",92.72,98.88,1.066
"592","EVENT_READ,EVENT_FORK","EVENT_CLOSE,EVENT_OPEN,EVENT_LSEEK,EVENT_EXIT",92.72,94.11,1.012
"593","EVENT_READ,EVENT_EXIT","EVENT_CLOSE,EVENT_OPEN,EVENT_LSEEK,EVENT_FORK",92.72,94.06,1.012
"594","EVENT_READ,EVENT_LSEEK","EVENT_CLOSE,EVENT_OPEN,EVENT_EXIT,EVENT_FORK",92.72,99.46,1.068
"595","EVENT_READ,EVENT_OPEN","EVENT_CLOSE,EVENT_LSEEK,EVENT_EXIT,EVENT_FORK",92.72,99.39,1.072
"596","EVENT_READ,EVENT_CLOSE","EVENT_OPEN,EVENT_LSEEK,EVENT_EXIT,EVENT_FORK",92.72,93.81,1.012
"597","EVENT_FORK","EVENT_READ,EVENT_CLOSE,EVENT_OPEN,EVENT_LSEEK,EVENT_EXIT",92.72,93.14,1.002
"598","EVENT_EXIT","EVENT_READ,EVENT_CLOSE,EVENT_OPEN,EVENT_LSEEK,EVENT_FORK",92.72,93.37,1.005
"599","EVENT_LSEEK","EVENT_READ,EVENT_CLOSE,EVENT_OPEN,EVENT_EXIT,EVENT_FORK",92.72,99.43,1.072
"600","EVENT_OPEN","EVENT_READ,EVENT_CLOSE,EVENT_LSEEK,EVENT_EXIT,EVENT_FORK",92.72,98.88,1.066
"601","EVENT_CLOSE","EVENT_READ,EVENT_OPEN,EVENT_LSEEK,EVENT_EXIT,EVENT_FORK",92.72,93.1,1.004
"602","EVENT_READ","EVENT_CLOSE,EVENT_OPEN,EVENT_LSEEK,EVENT_EXIT,EVENT_FORK",92.72,93.76,1.011
